corruption,severity,map50,displayport,ethernet,hdmi,usb-a,usb-c,vga
clean,0,0.6651,0.3095,0.7321,0.6572,0.8022,0.6923,0.7974
gaussian_noise,1,0.6635,0.2753,0.7259,0.6557,0.7903,0.7309,0.803
gaussian_noise,2,0.5715,0.2067,0.625,0.5066,0.6903,0.6513,0.7488
gaussian_noise,3,0.3739,0.1727,0.3496,0.3277,0.474,0.3557,0.5637
motion_blur,1,0.5981,0.2228,0.6923,0.5705,0.7358,0.6435,0.7236
motion_blur,2,0.4628,0.1693,0.5197,0.3791,0.5558,0.578,0.5751
motion_blur,3,0.1937,0.0587,0.2007,0.1508,0.2952,0.325,0.1316
jpeg,1,0.6641,0.3144,0.7306,0.6284,0.8013,0.7194,0.7905
jpeg,2,0.6507,0.3234,0.7297,0.5761,0.7751,0.7119,0.7882
jpeg,3,0.5342,0.246,0.5228,0.4919,0.6776,0.5929,0.6737
brightness,1,0.6694,0.3011,0.7425,0.6557,0.7948,0.7276,0.795
brightness,2,0.6715,0.3246,0.7415,0.6339,0.802,0.7386,0.7884
brightness,3,0.6398,0.2512,0.7176,0.6433,0.7557,0.6996,0.7715
